<server description="Liberty server Setup">

	<featureManager>
		<feature>jaxrs-2.1</feature>
		<feature>jsonp-1.1</feature>
		<feature>jsonb-1.0</feature>
		<feature>cdi-2.0</feature>
		<feature>mpConfig-1.4</feature>
		<feature>mpOpenAPI-1.1</feature>
		<feature>mpMetrics-2.3</feature>
		<!-- Reactive messaging and reactive streams -->
		<feature>mpReactiveMessaging-1.0</feature>
		<feature>mpReactiveStreams-1.0</feature>
	</featureManager>

	<applicationManager autoExpand="true" />

	<quickStartSecurity userPassword="admin"
		userName="admin" />

	<httpEndpoint host="localhost" httpPort="7001"
		httpsPort="8001" id="defaultHttpEndpoint" />

	<webApplication location="training.war" contextRoot="/" />

</server>
